"Date Printed: Thursday, October 15, 2020 10:18:03 AM"
Title: HIV diagnoses | 2008 | 2009 | 2010 | 2011 | 2012 | 2013 | 2014 | 2015 | 2016 | 2017 | 2018 | United States | American Indian/Alaska Native | Asian | Black/African American | Hispanic/Latino | Multiple races | Native Hawaiian/Other Pacific Islander | White | Female | Male | 13-24 | 25-34 | 35-44 | 45-54 | 55+ | All transmission categories
Footnote(s): Prevalence: Prevalence data prior to 2010 are based on residence at diagnosis; prevalence data from 2010 to present are based on most recent known address.
Death: Death data based on residence at death.
^ Jurisdiction with incomplete reporting of deaths for most recent year; relevant for HIV deaths, HIV prevalence, AIDS deaths, and AIDS prevalence indicators.
PrEP coverage, reported as a percentage, is calculated as the number of persons aged ≥16 years classified as having been prescribed PrEP divided by the estimated number of persons aged ≥16 years who had indications for PrEP.   Number of persons prescribed, or “cases”, is defined as the number of persons aged ≥16 years classified as having been prescribed PrEP during the specified year.  “Population” is the annual estimated number of persons with PrEP indications. County-level data are only available for the 48 U.S. counties prioritized for Phase I of Ending the HIV Epidemic (EHE) Initiative. Total includes people categorized by IQVIA as Other race.
NA - Not applicable


Year,Race/Ethnicity,Sex,Age Group,Cases,Rate per 100000
"2008","American Indian/Alaska Native","Female","13-24","4","1.7"
"2008","American Indian/Alaska Native","Female","25-34","9","5.4"
"2008","American Indian/Alaska Native","Female","35-44","8","5.1"
"2008","American Indian/Alaska Native","Female","45-54","5","3.0"
"2008","American Indian/Alaska Native","Female","55+","5","2.3"
"2008","American Indian/Alaska Native","Male","13-24","13","5.3"
"2008","American Indian/Alaska Native","Male","25-34","33","19.4"
"2008","American Indian/Alaska Native","Male","35-44","38","24.7"
"2008","American Indian/Alaska Native","Male","45-54","25","16.4"
"2008","American Indian/Alaska Native","Male","55+","5","2.6"
"2008","Asian","Female","13-24","16","1.6"
"2008","Asian","Female","25-34","45","3.8"
"2008","Asian","Female","35-44","24","2.0"
"2008","Asian","Female","45-54","11","1.1"
"2008","Asian","Female","55+","4","0.3"
"2008","Asian","Male","13-24","67","6.5"
"2008","Asian","Male","25-34","207","18.6"
"2008","Asian","Male","35-44","189","17.0"
"2008","Asian","Male","45-54","73","8.3"
"2008","Asian","Male","55+","29","2.5"
"2008","Black/African American","Female","13-24","1,140","30.6"
"2008","Black/African American","Female","25-34","1,812","65.3"
"2008","Black/African American","Female","35-44","1,904","68.3"
"2008","Black/African American","Female","45-54","1,563","56.5"
"2008","Black/African American","Female","55+","773","20.1"
"2008","Black/African American","Male","13-24","3,712","96.8"
"2008","Black/African American","Male","25-34","3,438","130.7"
"2008","Black/African American","Male","35-44","3,250","131.3"
"2008","Black/African American","Male","45-54","2,770","116.7"
"2008","Black/African American","Male","55+","1,284","46.9"
"2008","Hispanic/Latino","Female","13-24","270","6.1"
"2008","Hispanic/Latino","Female","25-34","526","14.5"
"2008","Hispanic/Latino","Female","35-44","438","13.6"
"2008","Hispanic/Latino","Female","45-54","331","13.7"
"2008","Hispanic/Latino","Female","55+","131","4.4"
"2008","Hispanic/Latino","Male","13-24","1,517","31.1"
"2008","Hispanic/Latino","Male","25-34","2,813","63.4"
"2008","Hispanic/Latino","Male","35-44","2,274","61.8"
"2008","Hispanic/Latino","Male","45-54","1,155","46.0"
"2008","Hispanic/Latino","Male","55+","402","16.2"
"2008","Multiple races","Female","13-24","93","18.9"
"2008","Multiple races","Female","25-34","157","55.7"
"2008","Multiple races","Female","35-44","151","70.9"
"2008","Multiple races","Female","45-54","119","59.6"
"2008","Multiple races","Female","55+","56","20.3"
"2008","Multiple races","Male","13-24","393","78.3"
"2008","Multiple races","Male","25-34","505","190.1"
"2008","Multiple races","Male","35-44","445","224.6"
"2008","Multiple races","Male","45-54","301","166.1"
"2008","Multiple races","Male","55+","120","53.6"
"2008","Native Hawaiian/Other Pacific Islander","Female","13-24","0","0.0"
"2008","Native Hawaiian/Other Pacific Islander","Female","25-34","4","10.9"
"2008","Native Hawaiian/Other Pacific Islander","Female","35-44","1","3.1"
"2008","Native Hawaiian/Other Pacific Islander","Female","45-54","3","10.5"
"2008","Native Hawaiian/Other Pacific Islander","Female","55+","0","0.0"
"2008","Native Hawaiian/Other Pacific Islander","Male","13-24","6","13.8"
"2008","Native Hawaiian/Other Pacific Islander","Male","25-34","10","26.5"
"2008","Native Hawaiian/Other Pacific Islander","Male","35-44","16","48.7"
"2008","Native Hawaiian/Other Pacific Islander","Male","45-54","7","24.5"
"2008","Native Hawaiian/Other Pacific Islander","Male","55+","1","3.1"
"2008","White","Female","13-24","252","1.7"
"2008","White","Female","25-34","465","3.9"
"2008","White","Female","35-44","484","3.6"
"2008","White","Female","45-54","414","2.6"
"2008","White","Female","55+","170","0.5"
"2008","White","Male","13-24","1,090","6.9"
"2008","White","Male","25-34","2,500","20.4"
"2008","White","Male","35-44","3,392","25.1"
"2008","White","Male","45-54","2,601","16.6"
"2008","White","Male","55+","1,178","4.6"
"2009","American Indian/Alaska Native","Female","13-24","2","0.9"
"2009","American Indian/Alaska Native","Female","25-34","13","7.6"
"2009","American Indian/Alaska Native","Female","35-44","6","3.9"
"2009","American Indian/Alaska Native","Female","45-54","14","8.3"
"2009","American Indian/Alaska Native","Female","55+","3","1.3"
"2009","American Indian/Alaska Native","Male","13-24","13","5.4"
"2009","American Indian/Alaska Native","Male","25-34","35","20.0"
"2009","American Indian/Alaska Native","Male","35-44","32","21.1"
"2009","American Indian/Alaska Native","Male","45-54","16","10.3"
"2009","American Indian/Alaska Native","Male","55+","7","3.5"
"2009","Asian","Female","13-24","14","1.4"
"2009","Asian","Female","25-34","51","4.3"
"2009","Asian","Female","35-44","35","2.9"
"2009","Asian","Female","45-54","16","1.6"
"2009","Asian","Female","55+","7","0.5"
"2009","Asian","Male","13-24","66","6.3"
"2009","Asian","Male","25-34","171","15.3"
"2009","Asian","Male","35-44","180","15.8"
"2009","Asian","Male","45-54","74","8.1"
"2009","Asian","Male","55+","35","2.9"
"2009","Black/African American","Female","13-24","1,057","28.3"
"2009","Black/African American","Female","25-34","1,546","54.9"
"2009","Black/African American","Female","35-44","1,705","62.2"
"2009","Black/African American","Female","45-54","1,444","51.4"
"2009","Black/African American","Female","55+","653","16.4"
"2009","Black/African American","Male","13-24","3,932","102.6"
"2009","Black/African American","Male","25-34","3,472","128.6"
"2009","Black/African American","Male","35-44","2,820","115.7"
"2009","Black/African American","Male","45-54","2,448","101.7"
"2009","Black/African American","Male","55+","1,205","42.4"
"2009","Hispanic/Latino","Female","13-24","229","5.0"
"2009","Hispanic/Latino","Female","25-34","445","12.1"
"2009","Hispanic/Latino","Female","35-44","455","13.9"
"2009","Hispanic/Latino","Female","45-54","305","12.1"
"2009","Hispanic/Latino","Female","55+","164","5.3"
"2009","Hispanic/Latino","Male","13-24","1,550","31.1"
"2009","Hispanic/Latino","Male","25-34","2,779","61.7"
"2009","Hispanic/Latino","Male","35-44","2,159","57.1"
"2009","Hispanic/Latino","Male","45-54","1,048","39.6"
"2009","Hispanic/Latino","Male","55+","429","16.3"
"2009","Multiple races","Female","13-24","95","18.7"
"2009","Multiple races","Female","25-34","127","43.2"
"2009","Multiple races","Female","35-44","132","61.6"
"2009","Multiple races","Female","45-54","96","47.4"
"2009","Multiple races","Female","55+","45","15.6"
"2009","Multiple races","Male","13-24","459","88.5"
"2009","Multiple races","Male","25-34","469","168.3"
"2009","Multiple races","Male","35-44","405","203.5"
"2009","Multiple races","Male","45-54","288","156.4"
"2009","Multiple races","Male","55+","116","49.6"
"2009","Native Hawaiian/Other Pacific Islander","Female","13-24","3","7.2"
"2009","Native Hawaiian/Other Pacific Islander","Female","25-34","3","8.1"
"2009","Native Hawaiian/Other Pacific Islander","Female","35-44","1","3.1"
"2009","Native Hawaiian/Other Pacific Islander","Female","45-54","3","10.2"
"2009","Native Hawaiian/Other Pacific Islander","Female","55+","1","2.6"
"2009","Native Hawaiian/Other Pacific Islander","Male","13-24","4","9.2"
"2009","Native Hawaiian/Other Pacific Islander","Male","25-34","11","28.8"
"2009","Native Hawaiian/Other Pacific Islander","Male","35-44","10","30.3"
"2009","Native Hawaiian/Other Pacific Islander","Male","45-54","7","23.7"
"2009","Native Hawaiian/Other Pacific Islander","Male","55+","5","14.5"
"2009","White","Female","13-24","231","1.6"
"2009","White","Female","25-34","366","3.0"
"2009","White","Female","35-44","365","2.8"
"2009","White","Female","45-54","381","2.4"
"2009","White","Female","55+","168","0.5"
"2009","White","Male","13-24","1,157","7.4"
"2009","White","Male","25-34","2,461","19.8"
"2009","White","Male","35-44","3,067","23.4"
"2009","White","Male","45-54","2,521","16.1"
"2009","White","Male","55+","1,084","4.1"
"2010","American Indian/Alaska Native","Female","13-24","5","2.2"
"2010","American Indian/Alaska Native","Female","25-34","14","8.9"
"2010","American Indian/Alaska Native","Female","35-44","12","8.0"
"2010","American Indian/Alaska Native","Female","45-54","10","5.9"
"2010","American Indian/Alaska Native","Female","55+","5","2.2"
"2010","American Indian/Alaska Native","Male","13-24","22","9.5"
"2010","American Indian/Alaska Native","Male","25-34","41","26.2"
"2010","American Indian/Alaska Native","Male","35-44","19","13.1"
"2010","American Indian/Alaska Native","Male","45-54","14","8.9"
"2010","American Indian/Alaska Native","Male","55+","12","6.2"
"2010","Asian","Female","13-24","12","1.0"
"2010","Asian","Female","25-34","44","3.3"
"2010","Asian","Female","35-44","32","2.4"
"2010","Asian","Female","45-54","17","1.5"
"2010","Asian","Female","55+","6","0.4"
"2010","Asian","Male","13-24","76","6.2"
"2010","Asian","Male","25-34","173","14.7"
"2010","Asian","Male","35-44","177","15.3"
"2010","Asian","Male","45-54","88","9.1"
"2010","Asian","Male","55+","34","2.6"
"2010","Black/African American","Female","13-24","917","24.4"
"2010","Black/African American","Female","25-34","1,479","53.6"
"2010","Black/African American","Female","35-44","1,516","55.7"
"2010","Black/African American","Female","45-54","1,315","45.7"
"2010","Black/African American","Female","55+","707","16.9"
"2010","Black/African American","Male","13-24","4,150","109.2"
"2010","Black/African American","Male","25-34","3,396","134.5"
"2010","Black/African American","Male","35-44","2,490","102.6"
"2010","Black/African American","Male","45-54","2,244","87.8"
"2010","Black/African American","Male","55+","1,097","35.4"
"2010","Hispanic/Latino","Female","13-24","243","4.8"
"2010","Hispanic/Latino","Female","25-34","414","10.3"
"2010","Hispanic/Latino","Female","35-44","367","10.2"
"2010","Hispanic/Latino","Female","45-54","296","10.8"
"2010","Hispanic/Latino","Female","55+","165","5.0"
"2010","Hispanic/Latino","Male","13-24","1,634","29.3"
"2010","Hispanic/Latino","Male","25-34","2,725","61.5"
"2010","Hispanic/Latino","Male","35-44","2,001","53.3"
"2010","Hispanic/Latino","Male","45-54","1,070","38.7"
"2010","Hispanic/Latino","Male","55+","422","15.3"
"2010","Multiple races","Female","13-24","86","13.1"
"2010","Multiple races","Female","25-34","103","27.9"
"2010","Multiple races","Female","35-44","99","35.6"
"2010","Multiple races","Female","45-54","97","39.8"
"2010","Multiple races","Female","55+","49","15.8"
"2010","Multiple races","Male","13-24","478","74.5"
"2010","Multiple races","Male","25-34","480","145.9"
"2010","Multiple races","Male","35-44","364","146.1"
"2010","Multiple races","Male","45-54","261","117.1"
"2010","Multiple races","Male","55+","117","44.9"
"2010","Native Hawaiian/Other Pacific Islander","Female","13-24","1","2.0"
"2010","Native Hawaiian/Other Pacific Islander","Female","25-34","2","4.7"
"2010","Native Hawaiian/Other Pacific Islander","Female","35-44","3","8.6"
"2010","Native Hawaiian/Other Pacific Islander","Female","45-54","2","6.2"
"2010","Native Hawaiian/Other Pacific Islander","Female","55+","0","0.0"
"2010","Native Hawaiian/Other Pacific Islander","Male","13-24","8","14.8"
"2010","Native Hawaiian/Other Pacific Islander","Male","25-34","16","36.3"
"2010","Native Hawaiian/Other Pacific Islander","Male","35-44","8","22.5"
"2010","Native Hawaiian/Other Pacific Islander","Male","45-54","6","18.8"
"2010","Native Hawaiian/Other Pacific Islander","Male","55+","1","2.9"
"2010","White","Female","13-24","217","1.5"
"2010","White","Female","25-34","365","3.1"
"2010","White","Female","35-44","363","2.9"
"2010","White","Female","45-54","327","2.1"
"2010","White","Female","55+","159","0.5"
"2010","White","Male","13-24","1,280","8.5"
"2010","White","Male","25-34","2,450","20.3"
"2010","White","Male","35-44","2,664","21.1"
"2010","White","Male","45-54","2,455","15.9"
"2010","White","Male","55+","1,098","4.0"
"2011","American Indian/Alaska Native","Female","13-24","4","1.8"
"2011","American Indian/Alaska Native","Female","25-34","14","8.8"
"2011","American Indian/Alaska Native","Female","35-44","9","6.1"
"2011","American Indian/Alaska Native","Female","45-54","7","4.2"
"2011","American Indian/Alaska Native","Female","55+","4","1.7"
"2011","American Indian/Alaska Native","Male","13-24","21","9.0"
"2011","American Indian/Alaska Native","Male","25-34","26","16.4"
"2011","American Indian/Alaska Native","Male","35-44","26","18.1"
"2011","American Indian/Alaska Native","Male","45-54","15","9.6"
"2011","American Indian/Alaska Native","Male","55+","7","3.5"
"2011","Asian","Female","13-24","14","1.2"
"2011","Asian","Female","25-34","38","2.8"
"2011","Asian","Female","35-44","33","2.4"
"2011","Asian","Female","45-54","17","1.5"
"2011","Asian","Female","55+","12","0.7"
"2011","Asian","Male","13-24","97","7.7"
"2011","Asian","Male","25-34","180","14.9"
"2011","Asian","Male","35-44","190","15.9"
"2011","Asian","Male","45-54","93","9.4"
"2011","Asian","Male","55+","33","2.4"
"2011","Black/African American","Female","13-24","954","25.3"
"2011","Black/African American","Female","25-34","1,304","46.5"
"2011","Black/African American","Female","35-44","1,283","47.6"
"2011","Black/African American","Female","45-54","1,215","42.2"
"2011","Black/African American","Female","55+","692","15.9"
"2011","Black/African American","Male","13-24","4,112","107.2"
"2011","Black/African American","Male","25-34","3,441","133.4"
"2011","Black/African American","Male","35-44","2,224","92.6"
"2011","Black/African American","Male","45-54","2,092","81.8"
"2011","Black/African American","Male","55+","1,073","33.2"
"2011","Hispanic/Latino","Female","13-24","207","4.0"
"2011","Hispanic/Latino","Female","25-34","385","9.4"
"2011","Hispanic/Latino","Female","35-44","328","8.9"
"2011","Hispanic/Latino","Female","45-54","287","10.1"
"2011","Hispanic/Latino","Female","55+","149","4.3"
"2011","Hispanic/Latino","Male","13-24","1,639","29.2"
"2011","Hispanic/Latino","Male","25-34","2,716","60.5"
"2011","Hispanic/Latino","Male","35-44","1,903","49.8"
"2011","Hispanic/Latino","Male","45-54","1,100","38.4"
"2011","Hispanic/Latino","Male","55+","409","14.0"
"2011","Multiple races","Female","13-24","63","9.2"
"2011","Multiple races","Female","25-34","99","25.9"
"2011","Multiple races","Female","35-44","80","28.1"
"2011","Multiple races","Female","45-54","79","32.1"
"2011","Multiple races","Female","55+","48","14.7"
"2011","Multiple races","Male","13-24","479","71.2"
"2011","Multiple races","Male","25-34","470","137.8"
"2011","Multiple races","Male","35-44","302","118.7"
"2011","Multiple races","Male","45-54","238","105.9"
"2011","Multiple races","Male","55+","116","42.2"
"2011","Native Hawaiian/Other Pacific Islander","Female","13-24","0","0.0"
"2011","Native Hawaiian/Other Pacific Islander","Female","25-34","1","2.3"
"2011","Native Hawaiian/Other Pacific Islander","Female","35-44","2","5.7"
"2011","Native Hawaiian/Other Pacific Islander","Female","45-54","2","6.1"
"2011","Native Hawaiian/Other Pacific Islander","Female","55+","2","4.9"
"2011","Native Hawaiian/Other Pacific Islander","Male","13-24","12","22.2"
"2011","Native Hawaiian/Other Pacific Islander","Male","25-34","14","30.5"
"2011","Native Hawaiian/Other Pacific Islander","Male","35-44","14","38.7"
"2011","Native Hawaiian/Other Pacific Islander","Male","45-54","2","6.1"
"2011","Native Hawaiian/Other Pacific Islander","Male","55+","2","5.4"
"2011","White","Female","13-24","189","1.3"
"2011","White","Female","25-34","353","3.0"
"2011","White","Female","35-44","347","2.8"
"2011","White","Female","45-54","339","2.2"
"2011","White","Female","55+","147","0.4"
"2011","White","Male","13-24","1,272","8.5"
"2011","White","Male","25-34","2,449","20.1"
"2011","White","Male","35-44","2,362","19.1"
"2011","White","Male","45-54","2,306","15.2"
"2011","White","Male","55+","1,123","4.0"
"2012","American Indian/Alaska Native","Female","13-24","4","1.8"
"2012","American Indian/Alaska Native","Female","25-34","11","6.8"
"2012","American Indian/Alaska Native","Female","35-44","11","7.5"
"2012","American Indian/Alaska Native","Female","45-54","8","4.8"
"2012","American Indian/Alaska Native","Female","55+","5","2.0"
"2012","American Indian/Alaska Native","Male","13-24","30","12.8"
"2012","American Indian/Alaska Native","Male","25-34","38","23.5"
"2012","American Indian/Alaska Native","Male","35-44","31","21.6"
"2012","American Indian/Alaska Native","Male","45-54","22","14.2"
"2012","American Indian/Alaska Native","Male","55+","7","3.3"
"2012","Asian","Female","13-24","15","1.2"
"2012","Asian","Female","25-34","45","3.2"
"2012","Asian","Female","35-44","37","2.7"
"2012","Asian","Female","45-54","13","1.1"
"2012","Asian","Female","55+","11","0.6"
"2012","Asian","Male","13-24","95","7.4"
"2012","Asian","Male","25-34","223","17.7"
"2012","Asian","Male","35-44","195","15.9"
"2012","Asian","Male","45-54","92","9.2"
"2012","Asian","Male","55+","31","2.1"
"2012","Black/African American","Female","13-24","781","20.7"
"2012","Black/African American","Female","25-34","1,317","46.4"
"2012","Black/African American","Female","35-44","1,195","44.4"
"2012","Black/African American","Female","45-54","1,139","39.8"
"2012","Black/African American","Female","55+","670","14.8"
"2012","Black/African American","Male","13-24","4,129","106.9"
"2012","Black/African American","Male","25-34","3,408","129.3"
"2012","Black/African American","Male","35-44","2,050","85.4"
"2012","Black/African American","Male","45-54","1,875","73.8"
"2012","Black/African American","Male","55+","1,051","31.1"
"2012","Hispanic/Latino","Female","13-24","181","3.4"
"2012","Hispanic/Latino","Female","25-34","334","8.1"
"2012","Hispanic/Latino","Female","35-44","303","8.1"
"2012","Hispanic/Latino","Female","45-54","246","8.4"
"2012","Hispanic/Latino","Female","55+","155","4.2"
"2012","Hispanic/Latino","Male","13-24","1,807","31.8"
"2012","Hispanic/Latino","Male","25-34","2,896","63.8"
"2012","Hispanic/Latino","Male","35-44","1,785","45.7"
"2012","Hispanic/Latino","Male","45-54","1,088","36.7"
"2012","Hispanic/Latino","Male","55+","410","13.3"
"2012","Multiple races","Female","13-24","67","9.4"
"2012","Multiple races","Female","25-34","80","20.3"
"2012","Multiple races","Female","35-44","73","25.0"
"2012","Multiple races","Female","45-54","70","28.2"
"2012","Multiple races","Female","55+","53","15.5"
"2012","Multiple races","Male","13-24","491","69.6"
"2012","Multiple races","Male","25-34","482","136.4"
"2012","Multiple races","Male","35-44","300","114.9"
"2012","Multiple races","Male","45-54","197","87.3"
"2012","Multiple races","Male","55+","105","36.2"
"2012","Native Hawaiian/Other Pacific Islander","Female","13-24","0","0.0"
"2012","Native Hawaiian/Other Pacific Islander","Female","25-34","3","6.7"
"2012","Native Hawaiian/Other Pacific Islander","Female","35-44","1","2.8"
"2012","Native Hawaiian/Other Pacific Islander","Female","45-54","1","3.0"
"2012","Native Hawaiian/Other Pacific Islander","Female","55+","0","0.0"
"2012","Native Hawaiian/Other Pacific Islander","Male","13-24","9","16.7"
"2012","Native Hawaiian/Other Pacific Islander","Male","25-34","15","31.8"
"2012","Native Hawaiian/Other Pacific Islander","Male","35-44","3","8.1"
"2012","Native Hawaiian/Other Pacific Islander","Male","45-54","8","24.1"
"2012","Native Hawaiian/Other Pacific Islander","Male","55+","5","12.6"
"2012","White","Female","13-24","179","1.3"
"2012","White","Female","25-34","323","2.7"
"2012","White","Female","35-44","320","2.7"
"2012","White","Female","45-54","291","1.9"
"2012","White","Female","55+","166","0.5"
"2012","White","Male","13-24","1,259","8.4"
"2012","White","Male","25-34","2,645","21.5"
"2012","White","Male","35-44","2,197","18.0"
"2012","White","Male","45-54","2,345","15.8"
"2012","White","Male","55+","1,080","3.7"
"2013","American Indian/Alaska Native","Female","13-24","5","2.2"
"2013","American Indian/Alaska Native","Female","25-34","5","3.0"
"2013","American Indian/Alaska Native","Female","35-44","8","5.4"
"2013","American Indian/Alaska Native","Female","45-54","9","5.5"
"2013","American Indian/Alaska Native","Female","55+","4","1.6"
"2013","American Indian/Alaska Native","Male","13-24","22","9.4"
"2013","American Indian/Alaska Native","Male","25-34","46","27.8"
"2013","American Indian/Alaska Native","Male","35-44","17","11.9"
"2013","American Indian/Alaska Native","Male","45-54","23","15.0"
"2013","American Indian/Alaska Native","Male","55+","5","2.3"
"2013","Asian","Female","13-24","11","0.9"
"2013","Asian","Female","25-34","42","2.9"
"2013","Asian","Female","35-44","38","2.7"
"2013","Asian","Female","45-54","22","1.9"
"2013","Asian","Female","55+","14","0.7"
"2013","Asian","Male","13-24","104","7.9"
"2013","Asian","Male","25-34","223","17.1"
"2013","Asian","Male","35-44","193","15.5"
"2013","Asian","Male","45-54","90","8.7"
"2013","Asian","Male","55+","33","2.1"
"2013","Black/African American","Female","13-24","705","18.6"
"2013","Black/African American","Female","25-34","1,193","41.3"
"2013","Black/African American","Female","35-44","1,067","39.6"
"2013","Black/African American","Female","45-54","1,008","35.4"
"2013","Black/African American","Female","55+","676","14.5"
"2013","Black/African American","Male","13-24","4,079","105.1"
"2013","Black/African American","Male","25-34","3,667","135.7"
"2013","Black/African American","Male","35-44","1,834","76.4"
"2013","Black/African American","Male","45-54","1,666","66.0"
"2013","Black/African American","Male","55+","994","28.3"
"2013","Hispanic/Latino","Female","13-24","160","3.0"
"2013","Hispanic/Latino","Female","25-34","321","7.7"
"2013","Hispanic/Latino","Female","35-44","282","7.4"
"2013","Hispanic/Latino","Female","45-54","273","9.0"
"2013","Hispanic/Latino","Female","55+","149","3.8"
"2013","Hispanic/Latino","Male","13-24","1,707","29.7"
"2013","Hispanic/Latino","Male","25-34","2,920","63.6"
"2013","Hispanic/Latino","Male","35-44","1,770","44.5"
"2013","Hispanic/Latino","Male","45-54","1,091","35.6"
"2013","Hispanic/Latino","Male","55+","426","13.0"
"2013","Multiple races","Female","13-24","66","9.0"
"2013","Multiple races","Female","25-34","77","18.8"
"2013","Multiple races","Female","35-44","78","25.9"
"2013","Multiple races","Female","45-54","74","29.5"
"2013","Multiple races","Female","55+","42","11.7"
"2013","Multiple races","Male","13-24","483","65.5"
"2013","Multiple races","Male","25-34","489","133.1"
"2013","Multiple races","Male","35-44","244","91.0"
"2013","Multiple races","Male","45-54","198","87.4"
"2013","Multiple races","Male","55+","99","32.4"
"2013","Native Hawaiian/Other Pacific Islander","Female","13-24","3","5.9"
"2013","Native Hawaiian/Other Pacific Islander","Female","25-34","1","2.2"
"2013","Native Hawaiian/Other Pacific Islander","Female","35-44","0","0.0"
"2013","Native Hawaiian/Other Pacific Islander","Female","45-54","4","11.8"
"2013","Native Hawaiian/Other Pacific Islander","Female","55+","1","2.2"
"2013","Native Hawaiian/Other Pacific Islander","Male","13-24","3","5.6"
"2013","Native Hawaiian/Other Pacific Islander","Male","25-34","18","36.9"
"2013","Native Hawaiian/Other Pacific Islander","Male","35-44","7","18.4"
"2013","Native Hawaiian/Other Pacific Islander","Male","45-54","7","20.9"
"2013","Native Hawaiian/Other Pacific Islander","Male","55+","0","0.0"
"2013","White","Female","13-24","169","1.2"
"2013","White","Female","25-34","329","2.7"
"2013","White","Female","35-44","283","2.4"
"2013","White","Female","45-54","289","2.0"
"2013","White","Female","55+","192","0.6"
"2013","White","Male","13-24","1,245","8.4"
"2013","White","Male","25-34","2,495","20.1"
"2013","White","Male","35-44","2,052","17.0"
"2013","White","Male","45-54","2,097","14.4"
"2013","White","Male","55+","1,285","4.3"
"2014","American Indian/Alaska Native","Female","13-24","3","1.3"
"2014","American Indian/Alaska Native","Female","25-34","11","6.5"
"2014","American Indian/Alaska Native","Female","35-44","8","5.5"
"2014","American Indian/Alaska Native","Female","45-54","7","4.3"
"2014","American Indian/Alaska Native","Female","55+","4","1.5"
"2014","American Indian/Alaska Native","Male","13-24","35","15.0"
"2014","American Indian/Alaska Native","Male","25-34","51","30.0"
"2014","American Indian/Alaska Native","Male","35-44","22","15.3"
"2014","American Indian/Alaska Native","Male","45-54","30","19.8"
"2014","American Indian/Alaska Native","Male","55+","4","1.7"
"2014","Asian","Female","13-24","11","0.8"
"2014","Asian","Female","25-34","35","2.4"
"2014","Asian","Female","35-44","46","3.2"
"2014","Asian","Female","45-54","18","1.5"
"2014","Asian","Female","55+","17","0.8"
"2014","Asian","Male","13-24","149","11.2"
"2014","Asian","Male","25-34","282","20.6"
"2014","Asian","Male","35-44","191","15.0"
"2014","Asian","Male","45-54","108","10.2"
"2014","Asian","Male","55+","37","2.3"
"2014","Black/African American","Female","13-24","709","18.9"
"2014","Black/African American","Female","25-34","1,164","39.5"
"2014","Black/African American","Female","35-44","1,104","40.8"
"2014","Black/African American","Female","45-54","898","31.8"
"2014","Black/African American","Female","55+","692","14.3"
"2014","Black/African American","Male","13-24","4,243","109.7"
"2014","Black/African American","Male","25-34","4,054","145.7"
"2014","Black/African American","Male","35-44","1,804","74.7"
"2014","Black/African American","Male","45-54","1,482","59.3"
"2014","Black/African American","Male","55+","1,025","28.1"
"2014","Hispanic/Latino","Female","13-24","204","3.7"
"2014","Hispanic/Latino","Female","25-34","325","7.7"
"2014","Hispanic/Latino","Female","35-44","330","8.5"
"2014","Hispanic/Latino","Female","45-54","235","7.6"
"2014","Hispanic/Latino","Female","55+","163","4.0"
"2014","Hispanic/Latino","Male","13-24","1,894","32.5"
"2014","Hispanic/Latino","Male","25-34","3,072","66.0"
"2014","Hispanic/Latino","Male","35-44","1,905","47.0"
"2014","Hispanic/Latino","Male","45-54","1,123","35.5"
"2014","Hispanic/Latino","Male","55+","420","12.2"
"2014","Multiple races","Female","13-24","58","7.6"
"2014","Multiple races","Female","25-34","90","21.2"
"2014","Multiple races","Female","35-44","76","24.5"
"2014","Multiple races","Female","45-54","44","17.4"
"2014","Multiple races","Female","55+","29","7.7"
"2014","Multiple races","Male","13-24","390","50.8"
"2014","Multiple races","Male","25-34","443","115.4"
"2014","Multiple races","Male","35-44","245","88.9"
"2014","Multiple races","Male","45-54","179","78.4"
"2014","Multiple races","Male","55+","74","23.0"
"2014","Native Hawaiian/Other Pacific Islander","Female","13-24","2","4.0"
"2014","Native Hawaiian/Other Pacific Islander","Female","25-34","1","2.1"
"2014","Native Hawaiian/Other Pacific Islander","Female","35-44","2","5.3"
"2014","Native Hawaiian/Other Pacific Islander","Female","45-54","1","2.9"
"2014","Native Hawaiian/Other Pacific Islander","Female","55+","2","4.1"
"2014","Native Hawaiian/Other Pacific Islander","Male","13-24","6","11.3"
"2014","Native Hawaiian/Other Pacific Islander","Male","25-34","10","19.9"
"2014","Native Hawaiian/Other Pacific Islander","Male","35-44","10","25.6"
"2014","Native Hawaiian/Other Pacific Islander","Male","45-54","4","11.8"
"2014","Native Hawaiian/Other Pacific Islander","Male","55+","3","6.7"
"2014","White","Female","13-24","192","1.4"
"2014","White","Female","25-34","371","3.0"
"2014","White","Female","35-44","299","2.5"
"2014","White","Female","45-54","278","1.9"
"2014","White","Female","55+","151","0.4"
"2014","White","Male","13-24","1,251","8.5"
"2014","White","Male","25-34","2,716","21.7"
"2014","White","Male","35-44","1,964","16.5"
"2014","White","Male","45-54","2,097","14.7"
"2014","White","Male","55+","1,102","3.6"
"2015","American Indian/Alaska Native","Female","13-24","4","1.8"
"2015","American Indian/Alaska Native","Female","25-34","16","9.3"
"2015","American Indian/Alaska Native","Female","35-44","12","8.2"
"2015","American Indian/Alaska Native","Female","45-54","9","5.7"
"2015","American Indian/Alaska Native","Female","55+","6","2.1"
"2015","American Indian/Alaska Native","Male","13-24","40","17.3"
"2015","American Indian/Alaska Native","Male","25-34","44","25.3"
"2015","American Indian/Alaska Native","Male","35-44","25","17.4"
"2015","American Indian/Alaska Native","Male","45-54","16","10.7"
"2015","American Indian/Alaska Native","Male","55+","6","2.5"
"2015","Asian","Female","13-24","17","1.3"
"2015","Asian","Female","25-34","36","2.3"
"2015","Asian","Female","35-44","35","2.4"
"2015","Asian","Female","45-54","18","1.4"
"2015","Asian","Female","55+","17","0.8"
"2015","Asian","Male","13-24","149","11.0"
"2015","Asian","Male","25-34","300","21.0"
"2015","Asian","Male","35-44","193","14.8"
"2015","Asian","Male","45-54","119","10.9"
"2015","Asian","Male","55+","36","2.1"
"2015","Black/African American","Female","13-24","669","18.1"
"2015","Black/African American","Female","25-34","1,138","37.8"
"2015","Black/African American","Female","35-44","1,039","38.2"
"2015","Black/African American","Female","45-54","871","31.0"
"2015","Black/African American","Female","55+","673","13.4"
"2015","Black/African American","Male","13-24","4,161","109.0"
"2015","Black/African American","Male","25-34","4,291","149.6"
"2015","Black/African American","Male","35-44","1,844","75.8"
"2015","Black/African American","Male","45-54","1,485","59.8"
"2015","Black/African American","Male","55+","968","25.5"
"2015","Hispanic/Latino","Female","13-24","194","3.5"
"2015","Hispanic/Latino","Female","25-34","295","6.9"
"2015","Hispanic/Latino","Female","35-44","299","7.5"
"2015","Hispanic/Latino","Female","45-54","250","7.8"
"2015","Hispanic/Latino","Female","55+","140","3.2"
"2015","Hispanic/Latino","Male","13-24","1,983","33.7"
"2015","Hispanic/Latino","Male","25-34","3,176","67.4"
"2015","Hispanic/Latino","Male","35-44","1,867","45.0"
"2015","Hispanic/Latino","Male","45-54","1,137","34.9"
"2015","Hispanic/Latino","Male","55+","457","12.5"
"2015","Multiple races","Female","13-24","35","4.5"
"2015","Multiple races","Female","25-34","73","16.5"
"2015","Multiple races","Female","35-44","48","15.0"
"2015","Multiple races","Female","45-54","54","21.0"
"2015","Multiple races","Female","55+","33","8.4"
"2015","Multiple races","Male","13-24","363","45.7"
"2015","Multiple races","Male","25-34","475","117.9"
"2015","Multiple races","Male","35-44","179","63.1"
"2015","Multiple races","Male","45-54","132","57.1"
"2015","Multiple races","Male","55+","86","25.5"
"2015","Native Hawaiian/Other Pacific Islander","Female","13-24","2","4.0"
"2015","Native Hawaiian/Other Pacific Islander","Female","25-34","2","4.2"
"2015","Native Hawaiian/Other Pacific Islander","Female","35-44","0","0.0"
"2015","Native Hawaiian/Other Pacific Islander","Female","45-54","1","2.9"
"2015","Native Hawaiian/Other Pacific Islander","Female","55+","1","1.9"
"2015","Native Hawaiian/Other Pacific Islander","Male","13-24","11","21.0"
"2015","Native Hawaiian/Other Pacific Islander","Male","25-34","23","44.8"
"2015","Native Hawaiian/Other Pacific Islander","Male","35-44","14","34.8"
"2015","Native Hawaiian/Other Pacific Islander","Male","45-54","12","34.9"
"2015","Native Hawaiian/Other Pacific Islander","Male","55+","3","6.3"
"2015","White","Female","13-24","171","1.2"
"2015","White","Female","25-34","407","3.3"
"2015","White","Female","35-44","322","2.8"
"2015","White","Female","45-54","303","2.1"
"2015","White","Female","55+","190","0.5"
"2015","White","Male","13-24","1,271","8.8"
"2015","White","Male","25-34","2,770","21.9"
"2015","White","Male","35-44","1,784","15.1"
"2015","White","Male","45-54","1,901","13.6"
"2015","White","Male","55+","1,116","3.6"
"2016","American Indian/Alaska Native","Female","13-24","1","0.5"
"2016","American Indian/Alaska Native","Female","25-34","11","6.3"
"2016","American Indian/Alaska Native","Female","35-44","15","10.2"
"2016","American Indian/Alaska Native","Female","45-54","9","5.7"
"2016","American Indian/Alaska Native","Female","55+","5","1.7"
"2016","American Indian/Alaska Native","Male","13-24","34","15.0"
"2016","American Indian/Alaska Native","Male","25-34","83","46.2"
"2016","American Indian/Alaska Native","Male","35-44","32","22.2"
"2016","American Indian/Alaska Native","Male","45-54","17","11.5"
"2016","American Indian/Alaska Native","Male","55+","13","5.2"
"2016","Asian","Female","13-24","11","0.8"
"2016","Asian","Female","25-34","54","3.4"
"2016","Asian","Female","35-44","40","2.6"
"2016","Asian","Female","45-54","21","1.6"
"2016","Asian","Female","55+","17","0.7"
"2016","Asian","Male","13-24","143","10.4"
"2016","Asian","Male","25-34","308","20.6"
"2016","Asian","Male","35-44","189","14.2"
"2016","Asian","Male","45-54","104","9.2"
"2016","Asian","Male","55+","58","3.2"
"2016","Black/African American","Female","13-24","609","16.7"
"2016","Black/African American","Female","25-34","1,184","38.3"
"2016","Black/African American","Female","35-44","1,039","38.2"
"2016","Black/African American","Female","45-54","906","32.4"
"2016","Black/African American","Female","55+","703","13.6"
"2016","Black/African American","Male","13-24","3,971","105.7"
"2016","Black/African American","Male","25-34","4,489","150.8"
"2016","Black/African American","Male","35-44","1,801","73.8"
"2016","Black/African American","Male","45-54","1,360","55.0"
"2016","Black/African American","Male","55+","950","24.2"
"2016","Hispanic/Latino","Female","13-24","151","2.7"
"2016","Hispanic/Latino","Female","25-34","347","8.0"
"2016","Hispanic/Latino","Female","35-44","271","6.7"
"2016","Hispanic/Latino","Female","45-54","232","7.0"
"2016","Hispanic/Latino","Female","55+","175","3.9"
"2016","Hispanic/Latino","Male","13-24","1,950","32.8"
"2016","Hispanic/Latino","Male","25-34","3,500","73.0"
"2016","Hispanic/Latino","Male","35-44","1,883","44.4"
"2016","Hispanic/Latino","Male","45-54","1,070","31.8"
"2016","Hispanic/Latino","Male","55+","439","11.4"
"2016","Multiple races","Female","13-24","44","5.5"
"2016","Multiple races","Female","25-34","57","12.3"
"2016","Multiple races","Female","35-44","54","16.5"
"2016","Multiple races","Female","45-54","45","17.2"
"2016","Multiple races","Female","55+","33","8.0"
"2016","Multiple races","Male","13-24","319","38.9"
"2016","Multiple races","Male","25-34","418","98.3"
"2016","Multiple races","Male","35-44","182","62.4"
"2016","Multiple races","Male","45-54","127","54.1"
"2016","Multiple races","Male","55+","78","22.1"
"2016","Native Hawaiian/Other Pacific Islander","Female","13-24","1","2.0"
"2016","Native Hawaiian/Other Pacific Islander","Female","25-34","1","2.0"
"2016","Native Hawaiian/Other Pacific Islander","Female","35-44","1","2.5"
"2016","Native Hawaiian/Other Pacific Islander","Female","45-54","4","11.3"
"2016","Native Hawaiian/Other Pacific Islander","Female","55+","0","0.0"
"2016","Native Hawaiian/Other Pacific Islander","Male","13-24","2","3.9"
"2016","Native Hawaiian/Other Pacific Islander","Male","25-34","14","26.7"
"2016","Native Hawaiian/Other Pacific Islander","Male","35-44","11","26.4"
"2016","Native Hawaiian/Other Pacific Islander","Male","45-54","4","11.5"
"2016","Native Hawaiian/Other Pacific Islander","Male","55+","2","4.0"
"2016","White","Female","13-24","189","1.4"
"2016","White","Female","25-34","440","3.6"
"2016","White","Female","35-44","309","2.7"
"2016","White","Female","45-54","291","2.1"
"2016","White","Female","55+","214","0.6"
"2016","White","Male","13-24","1,236","8.6"
"2016","White","Male","25-34","2,704","21.2"
"2016","White","Male","35-44","1,670","14.3"
"2016","White","Male","45-54","1,782","13.0"
"2016","White","Male","55+","1,142","3.6"
"2017","American Indian/Alaska Native","Female","13-24","3","1.4"
"2017","American Indian/Alaska Native","Female","25-34","10","5.6"
"2017","American Indian/Alaska Native","Female","35-44","13","8.8"
"2017","American Indian/Alaska Native","Female","45-54","14","9.1"
"2017","American Indian/Alaska Native","Female","55+","5","1.6"
"2017","American Indian/Alaska Native","Male","13-24","23","10.3"
"2017","American Indian/Alaska Native","Male","25-34","77","41.8"
"2017","American Indian/Alaska Native","Male","35-44","34","23.4"
"2017","American Indian/Alaska Native","Male","45-54","19","13.0"
"2017","American Indian/Alaska Native","Male","55+","10","3.9"
"2017","Asian","Female","13-24","8","0.6"
"2017","Asian","Female","25-34","29","1.8"
"2017","Asian","Female","35-44","37","2.4"
"2017","Asian","Female","45-54","27","2.0"
"2017","Asian","Female","55+","20","0.8"
"2017","Asian","Male","13-24","186","13.3"
"2017","Asian","Male","25-34","285","18.5"
"2017","Asian","Male","35-44","183","13.4"
"2017","Asian","Male","45-54","117","10.0"
"2017","Asian","Male","55+","45","2.4"
"2017","Black/African American","Female","13-24","621","17.3"
"2017","Black/African American","Female","25-34","1,152","36.5"
"2017","Black/African American","Female","35-44","988","36.1"
"2017","Black/African American","Female","45-54","825","29.7"
"2017","Black/African American","Female","55+","747","14.0"
"2017","Black/African American","Male","13-24","3,677","99.6"
"2017","Black/African American","Male","25-34","4,504","146.4"
"2017","Black/African American","Male","35-44","1,754","71.3"
"2017","Black/African American","Male","45-54","1,227","50.0"
"2017","Black/African American","Male","55+","965","23.8"
"2017","Hispanic/Latino","Female","13-24","176","3.1"
"2017","Hispanic/Latino","Female","25-34","315","7.1"
"2017","Hispanic/Latino","Female","35-44","263","6.4"
"2017","Hispanic/Latino","Female","45-54","231","6.8"
"2017","Hispanic/Latino","Female","55+","163","3.4"
"2017","Hispanic/Latino","Male","13-24","1,817","30.3"
"2017","Hispanic/Latino","Male","25-34","3,430","70.4"
"2017","Hispanic/Latino","Male","35-44","1,827","42.2"
"2017","Hispanic/Latino","Male","45-54","1,080","31.3"
"2017","Hispanic/Latino","Male","55+","471","11.5"
"2017","Multiple races","Female","13-24","40","4.9"
"2017","Multiple races","Female","25-34","53","11.0"
"2017","Multiple races","Female","35-44","39","11.5"
"2017","Multiple races","Female","45-54","38","14.3"
"2017","Multiple races","Female","55+","21","4.9"
"2017","Multiple races","Male","13-24","241","28.6"
"2017","Multiple races","Male","25-34","367","81.5"
"2017","Multiple races","Male","35-44","151","50.1"
"2017","Multiple races","Male","45-54","106","44.7"
"2017","Multiple races","Male","55+","61","16.5"
"2017","Native Hawaiian/Other Pacific Islander","Female","13-24","0","0.0"
"2017","Native Hawaiian/Other Pacific Islander","Female","25-34","5","10.1"
"2017","Native Hawaiian/Other Pacific Islander","Female","35-44","2","4.9"
"2017","Native Hawaiian/Other Pacific Islander","Female","45-54","0","0.0"
"2017","Native Hawaiian/Other Pacific Islander","Female","55+","1","1.7"
"2017","Native Hawaiian/Other Pacific Islander","Male","13-24","10","19.3"
"2017","Native Hawaiian/Other Pacific Islander","Male","25-34","20","38.0"
"2017","Native Hawaiian/Other Pacific Islander","Male","35-44","9","20.9"
"2017","Native Hawaiian/Other Pacific Islander","Male","45-54","4","11.4"
"2017","Native Hawaiian/Other Pacific Islander","Male","55+","1","1.9"
"2017","White","Female","13-24","192","1.4"
"2017","White","Female","25-34","428","3.5"
"2017","White","Female","35-44","333","2.9"
"2017","White","Female","45-54","289","2.2"
"2017","White","Female","55+","213","0.6"
"2017","White","Male","13-24","1,279","9.1"
"2017","White","Male","25-34","2,701","21.1"
"2017","White","Male","35-44","1,634","14.0"
"2017","White","Male","45-54","1,627","12.2"
"2017","White","Male","55+","1,108","3.5"
"2018","American Indian/Alaska Native","Female","13-24","2","0.9"
"2018","American Indian/Alaska Native","Female","25-34","8","4.4"
"2018","American Indian/Alaska Native","Female","35-44","9","6.0"
"2018","American Indian/Alaska Native","Female","45-54","7","4.6"
"2018","American Indian/Alaska Native","Female","55+","4","1.3"
"2018","American Indian/Alaska Native","Male","13-24","37","16.8"
"2018","American Indian/Alaska Native","Male","25-34","59","31.4"
"2018","American Indian/Alaska Native","Male","35-44","26","17.6"
"2018","American Indian/Alaska Native","Male","45-54","24","16.8"
"2018","American Indian/Alaska Native","Male","55+","10","3.7"
"2018","Asian","Female","13-24","7","0.5"
"2018","Asian","Female","25-34","34","2.1"
"2018","Asian","Female","35-44","24","1.5"
"2018","Asian","Female","45-54","18","1.3"
"2018","Asian","Female","55+","21","0.8"
"2018","Asian","Male","13-24","142","10.0"
"2018","Asian","Male","25-34","313","19.8"
"2018","Asian","Male","35-44","163","11.6"
"2018","Asian","Male","45-54","94","7.8"
"2018","Asian","Male","55+","55","2.8"
"2018","Black/African American","Female","13-24","587","16.6"
"2018","Black/African American","Female","25-34","1,058","32.8"
"2018","Black/African American","Female","35-44","974","35.2"
"2018","Black/African American","Female","45-54","783","28.4"
"2018","Black/African American","Female","55+","695","12.6"
"2018","Black/African American","Male","13-24","3,517","96.7"
"2018","Black/African American","Male","25-34","4,541","143.2"
"2018","Black/African American","Male","35-44","1,736","69.6"
"2018","Black/African American","Male","45-54","1,195","49.2"
"2018","Black/African American","Male","55+","908","21.8"
"2018","Hispanic/Latino","Female","13-24","155","2.7"
"2018","Hispanic/Latino","Female","25-34","308","6.9"
"2018","Hispanic/Latino","Female","35-44","285","6.8"
"2018","Hispanic/Latino","Female","45-54","253","7.3"
"2018","Hispanic/Latino","Female","55+","188","3.8"
"2018","Hispanic/Latino","Male","13-24","1,793","29.5"
"2018","Hispanic/Latino","Male","25-34","3,451","69.9"
"2018","Hispanic/Latino","Male","35-44","1,782","40.3"
"2018","Hispanic/Latino","Male","45-54","1,094","30.9"
"2018","Hispanic/Latino","Male","55+","502","11.7"
"2018","Multiple races","Female","13-24","35","4.1"
"2018","Multiple races","Female","25-34","59","11.7"
"2018","Multiple races","Female","35-44","38","10.8"
"2018","Multiple races","Female","45-54","33","12.3"
"2018","Multiple races","Female","55+","29","6.4"
"2018","Multiple races","Male","13-24","193","22.2"
"2018","Multiple races","Male","25-34","306","64.4"
"2018","Multiple races","Male","35-44","129","41.3"
"2018","Multiple races","Male","45-54","80","33.4"
"2018","Multiple races","Male","55+","41","10.7"
"2018","Native Hawaiian/Other Pacific Islander","Female","13-24","1","2.0"
"2018","Native Hawaiian/Other Pacific Islander","Female","25-34","2","4.0"
"2018","Native Hawaiian/Other Pacific Islander","Female","35-44","0","0.0"
"2018","Native Hawaiian/Other Pacific Islander","Female","45-54","1","2.8"
"2018","Native Hawaiian/Other Pacific Islander","Female","55+","1","1.6"
"2018","Native Hawaiian/Other Pacific Islander","Male","13-24","13","25.0"
"2018","Native Hawaiian/Other Pacific Islander","Male","25-34","28","53.3"
"2018","Native Hawaiian/Other Pacific Islander","Male","35-44","10","22.4"
"2018","Native Hawaiian/Other Pacific Islander","Male","45-54","4","11.2"
"2018","Native Hawaiian/Other Pacific Islander","Male","55+","6","10.7"
"2018","White","Female","13-24","184","1.4"
"2018","White","Female","25-34","440","3.6"
"2018","White","Female","35-44","387","3.3"
"2018","White","Female","45-54","296","2.3"
"2018","White","Female","55+","184","0.5"
"2018","White","Male","13-24","1,151","8.2"
"2018","White","Male","25-34","2,748","21.5"
"2018","White","Male","35-44","1,633","13.9"
"2018","White","Male","45-54","1,412","10.9"
"2018","White","Male","55+","1,122","3.4"
